-- NeonDB to Supabase Data Migration
-- Generated on: 2025-06-20T19:02:05.437Z

-- Disable triggers and constraints during import
SET session_replication_role = replica;

-- Importing Permission (52 records)
INSERT INTO "Permission" ("id", "name", "description", "createdAt", "updatedAt") VALUES (1, 'inventory:view', 'View inventory items and stock levels', '2025-06-20T16:54:21.685Z', '2025-06-20T16:54:21.685Z') ON CONFLICT DO NOTHING;
INSERT INTO "Permission" ("id", "name", "description", "createdAt", "updatedAt") VALUES (2, 'inventory:create', 'Add new inventory items', '2025-06-20T16:54:21.685Z', '2025-06-20T16:54:21.685Z') ON CONFLICT DO NOTHING;
INSERT INTO "Permission" ("id", "name", "description", "createdAt", "updatedAt") VALUES (3, 'inventory:update', 'Edit existing inventory items', '2025-06-20T16:54:21.685Z', '2025-06-20T16:54:21.685Z') ON CONFLICT DO NOTHING;
INSERT INTO "Permission" ("id", "name", "description", "createdAt", "updatedAt") VALUES (4, 'inventory:delete', 'Remove inventory items', '2025-06-20T16:54:21.685Z', '2025-06-20T16:54:21.685Z') ON CONFLICT DO NOTHING;
INSERT INTO "Permission" ("id", "name", "description", "createdAt", "updatedAt") VALUES (5, 'inventory:manage', 'Full inventory management access', '2025-06-20T16:54:21.685Z', '2025-06-20T16:54:21.685Z') ON CONFLICT DO NOTHING;
INSERT INTO "Permission" ("id", "name", "description", "createdAt", "updatedAt") VALUES (6, 'sales:view', 'View sales data and transactions', '2025-06-20T16:54:21.685Z', '2025-06-20T16:54:21.685Z') ON CONFLICT DO NOTHING;
INSERT INTO "Permission" ("id", "name", "description", "createdAt", "updatedAt") VALUES (7, 'sales:create', 'Create new sales orders', '2025-06-20T16:54:21.685Z', '2025-06-20T16:54:21.685Z') ON CONFLICT DO NOTHING;
INSERT INTO "Permission" ("id", "name", "description", "createdAt", "updatedAt") VALUES (8, 'sales:update', 'Edit existing sales orders', '2025-06-20T16:54:21.685Z', '2025-06-20T16:54:21.685Z') ON CONFLICT DO NOTHING;
INSERT INTO "Permission" ("id", "name", "description", "createdAt", "updatedAt") VALUES (9, 'sales:manage', 'Full sales management access', '2025-06-20T16:54:21.685Z', '2025-06-20T16:54:21.685Z') ON CONFLICT DO NOTHING;
INSERT INTO "Permission" ("id", "name", "description", "createdAt", "updatedAt") VALUES (10, 'user:view', 'View user accounts', '2025-06-20T16:54:21.685Z', '2025-06-20T16:54:21.685Z') ON CONFLICT DO NOTHING;
INSERT INTO "Permission" ("id", "name", "description", "createdAt", "updatedAt") VALUES (11, 'user:create', 'Create new user accounts', '2025-06-20T16:54:21.685Z', '2025-06-20T16:54:21.685Z') ON CONFLICT DO NOTHING;
INSERT INTO "Permission" ("id", "name", "description", "createdAt", "updatedAt") VALUES (12, 'user:update', 'Edit user accounts', '2025-06-20T16:54:21.685Z', '2025-06-20T16:54:21.685Z') ON CONFLICT DO NOTHING;
INSERT INTO "Permission" ("id", "name", "description", "createdAt", "updatedAt") VALUES (13, 'user:delete', 'Delete user accounts', '2025-06-20T16:54:21.685Z', '2025-06-20T16:54:21.685Z') ON CONFLICT DO NOTHING;
INSERT INTO "Permission" ("id", "name", "description", "createdAt", "updatedAt") VALUES (14, 'user:manage', 'Full user management access', '2025-06-20T16:54:21.685Z', '2025-06-20T16:54:21.685Z') ON CONFLICT DO NOTHING;
INSERT INTO "Permission" ("id", "name", "description", "createdAt", "updatedAt") VALUES (15, 'reports:view', 'View system reports', '2025-06-20T16:54:21.685Z', '2025-06-20T16:54:21.685Z') ON CONFLICT DO NOTHING;
INSERT INTO "Permission" ("id", "name", "description", "createdAt", "updatedAt") VALUES (16, 'reports:export', 'Export reports to files', '2025-06-20T16:54:21.685Z', '2025-06-20T16:54:21.685Z') ON CONFLICT DO NOTHING;
INSERT INTO "Permission" ("id", "name", "description", "createdAt", "updatedAt") VALUES (17, 'settings:manage', 'Manage system settings', '2025-06-20T16:54:21.685Z', '2025-06-20T16:54:21.685Z') ON CONFLICT DO NOTHING;
INSERT INTO "Permission" ("id", "name", "description", "createdAt", "updatedAt") VALUES (18, 'dashboard:view', 'Access dashboard', '2025-06-20T16:54:21.685Z', '2025-06-20T16:54:21.685Z') ON CONFLICT DO NOTHING;
INSERT INTO "Permission" ("id", "name", "description", "createdAt", "updatedAt") VALUES (19, 'admin:all', 'Full administrative access', '2025-06-20T16:57:49.013Z', '2025-06-20T16:57:49.013Z') ON CONFLICT DO NOTHING;
INSERT INTO "Permission" ("id", "name", "description", "createdAt", "updatedAt") VALUES (20, 'inventory:transfer', 'Transfer inventory between shops', '2025-06-20T16:57:49.013Z', '2025-06-20T16:57:49.013Z') ON CONFLICT DO NOTHING;
INSERT INTO "Permission" ("id", "name", "description", "createdAt", "updatedAt") VALUES (21, 'shop:view', 'View shop information', '2025-06-20T16:57:49.013Z', '2025-06-20T16:57:49.013Z') ON CONFLICT DO NOTHING;
INSERT INTO "Permission" ("id", "name", "description", "createdAt", "updatedAt") VALUES (22, 'shop:create', 'Create new shops', '2025-06-20T16:57:49.013Z', '2025-06-20T16:57:49.013Z') ON CONFLICT DO NOTHING;
INSERT INTO "Permission" ("id", "name", "description", "createdAt", "updatedAt") VALUES (23, 'shop:update', 'Edit shop information', '2025-06-20T16:57:49.013Z', '2025-06-20T16:57:49.013Z') ON CONFLICT DO NOTHING;
INSERT INTO "Permission" ("id", "name", "description", "createdAt", "updatedAt") VALUES (24, 'shop:delete', 'Remove shops', '2025-06-20T16:57:49.013Z', '2025-06-20T16:57:49.013Z') ON CONFLICT DO NOTHING;
INSERT INTO "Permission" ("id", "name", "description", "createdAt", "updatedAt") VALUES (25, 'shop:manage', 'Full shop management access', '2025-06-20T16:57:49.013Z', '2025-06-20T16:57:49.013Z') ON CONFLICT DO NOTHING;
INSERT INTO "Permission" ("id", "name", "description", "createdAt", "updatedAt") VALUES (26, 'shop:view_costs', 'View shop cost information', '2025-06-20T16:57:49.013Z', '2025-06-20T16:57:49.013Z') ON CONFLICT DO NOTHING;
INSERT INTO "Permission" ("id", "name", "description", "createdAt", "updatedAt") VALUES (27, 'customer:view', 'View customer information', '2025-06-20T16:57:49.013Z', '2025-06-20T16:57:49.013Z') ON CONFLICT DO NOTHING;
INSERT INTO "Permission" ("id", "name", "description", "createdAt", "updatedAt") VALUES (28, 'customer:create', 'Create new customers', '2025-06-20T16:57:49.013Z', '2025-06-20T16:57:49.013Z') ON CONFLICT DO NOTHING;
INSERT INTO "Permission" ("id", "name", "description", "createdAt", "updatedAt") VALUES (29, 'customer:update', 'Edit customer information', '2025-06-20T16:57:49.013Z', '2025-06-20T16:57:49.013Z') ON CONFLICT DO NOTHING;
INSERT INTO "Permission" ("id", "name", "description", "createdAt", "updatedAt") VALUES (30, 'customer:delete', 'Remove customers', '2025-06-20T16:57:49.013Z', '2025-06-20T16:57:49.013Z') ON CONFLICT DO NOTHING;
INSERT INTO "Permission" ("id", "name", "description", "createdAt", "updatedAt") VALUES (31, 'invoice:view', 'View invoices', '2025-06-20T16:57:49.013Z', '2025-06-20T16:57:49.013Z') ON CONFLICT DO NOTHING;
INSERT INTO "Permission" ("id", "name", "description", "createdAt", "updatedAt") VALUES (32, 'invoice:create', 'Create new invoices', '2025-06-20T16:57:49.013Z', '2025-06-20T16:57:49.013Z') ON CONFLICT DO NOTHING;
INSERT INTO "Permission" ("id", "name", "description", "createdAt", "updatedAt") VALUES (33, 'quotation:view', 'View quotations', '2025-06-20T16:57:49.013Z', '2025-06-20T16:57:49.013Z') ON CONFLICT DO NOTHING;
INSERT INTO "Permission" ("id", "name", "description", "createdAt", "updatedAt") VALUES (34, 'quotation:create', 'Create new quotations', '2025-06-20T16:57:49.013Z', '2025-06-20T16:57:49.013Z') ON CONFLICT DO NOTHING;
INSERT INTO "Permission" ("id", "name", "description", "createdAt", "updatedAt") VALUES (35, 'quotation:manage', 'Full quotation management', '2025-06-20T16:57:49.013Z', '2025-06-20T16:57:49.013Z') ON CONFLICT DO NOTHING;
INSERT INTO "Permission" ("id", "name", "description", "createdAt", "updatedAt") VALUES (36, 'purchase:view', 'View purchase orders', '2025-06-20T16:57:49.013Z', '2025-06-20T16:57:49.013Z') ON CONFLICT DO NOTHING;
INSERT INTO "Permission" ("id", "name", "description", "createdAt", "updatedAt") VALUES (37, 'supplier:view', 'View supplier information', '2025-06-20T16:57:49.013Z', '2025-06-20T16:57:49.013Z') ON CONFLICT DO NOTHING;
INSERT INTO "Permission" ("id", "name", "description", "createdAt", "updatedAt") VALUES (38, 'payment:view', 'View payment records', '2025-06-20T16:57:49.013Z', '2025-06-20T16:57:49.013Z') ON CONFLICT DO NOTHING;
INSERT INTO "Permission" ("id", "name", "description", "createdAt", "updatedAt") VALUES (39, 'payment:record', 'Record new payments', '2025-06-20T16:58:06.543Z', '2025-06-20T16:58:06.543Z') ON CONFLICT DO NOTHING;
INSERT INTO "Permission" ("id", "name", "description", "createdAt", "updatedAt") VALUES (40, 'receipt:view', 'View receipts', '2025-06-20T16:58:06.543Z', '2025-06-20T16:58:06.543Z') ON CONFLICT DO NOTHING;
INSERT INTO "Permission" ("id", "name", "description", "createdAt", "updatedAt") VALUES (41, 'accounting:view', 'View accounting information', '2025-06-20T16:58:06.543Z', '2025-06-20T16:58:06.543Z') ON CONFLICT DO NOTHING;
INSERT INTO "Permission" ("id", "name", "description", "createdAt", "updatedAt") VALUES (42, 'report:view', 'View system reports', '2025-06-20T16:58:06.543Z', '2025-06-20T16:58:06.543Z') ON CONFLICT DO NOTHING;
INSERT INTO "Permission" ("id", "name", "description", "createdAt", "updatedAt") VALUES (43, 'audit:view', 'View audit trail', '2025-06-20T16:58:06.543Z', '2025-06-20T16:58:06.543Z') ON CONFLICT DO NOTHING;
INSERT INTO "Permission" ("id", "name", "description", "createdAt", "updatedAt") VALUES (44, 'category:view', 'View product categories', '2025-06-20T16:58:06.543Z', '2025-06-20T16:58:06.543Z') ON CONFLICT DO NOTHING;
INSERT INTO "Permission" ("id", "name", "description", "createdAt", "updatedAt") VALUES (45, 'category:create', 'Create new categories', '2025-06-20T16:58:06.543Z', '2025-06-20T16:58:06.543Z') ON CONFLICT DO NOTHING;
INSERT INTO "Permission" ("id", "name", "description", "createdAt", "updatedAt") VALUES (46, 'category:update', 'Edit categories', '2025-06-20T16:58:06.543Z', '2025-06-20T16:58:06.543Z') ON CONFLICT DO NOTHING;
INSERT INTO "Permission" ("id", "name", "description", "createdAt", "updatedAt") VALUES (47, 'category:delete', 'Remove categories', '2025-06-20T16:58:06.543Z', '2025-06-20T16:58:06.543Z') ON CONFLICT DO NOTHING;
INSERT INTO "Permission" ("id", "name", "description", "createdAt", "updatedAt") VALUES (48, 'product:view', 'View products', '2025-06-20T16:58:06.543Z', '2025-06-20T16:58:06.543Z') ON CONFLICT DO NOTHING;
INSERT INTO "Permission" ("id", "name", "description", "createdAt", "updatedAt") VALUES (49, 'product:create', 'Create new products', '2025-06-20T16:58:06.543Z', '2025-06-20T16:58:06.543Z') ON CONFLICT DO NOTHING;
INSERT INTO "Permission" ("id", "name", "description", "createdAt", "updatedAt") VALUES (50, 'product:update', 'Edit products', '2025-06-20T16:58:06.543Z', '2025-06-20T16:58:06.543Z') ON CONFLICT DO NOTHING;
INSERT INTO "Permission" ("id", "name", "description", "createdAt", "updatedAt") VALUES (51, 'product:delete', 'Remove products', '2025-06-20T16:58:06.543Z', '2025-06-20T16:58:06.543Z') ON CONFLICT DO NOTHING;
INSERT INTO "Permission" ("id", "name", "description", "createdAt", "updatedAt") VALUES (52, 'shop:distribution:view', 'View shop distribution data', '2025-06-20T16:58:06.543Z', '2025-06-20T16:58:06.543Z') ON CONFLICT DO NOTHING;

-- Importing Shop (2 records)
INSERT INTO "Shop" ("id", "name", "location", "createdAt", "updatedAt", "contact_person", "phone", "email", "is_active", "opening_time", "closing_time", "manager_id", "opening_date", "status", "address_line1", "address_line2", "city", "state", "postal_code", "country", "latitude", "longitude", "tax_rate") VALUES ('cmc4nqcog0000unnqei52hlhs', 'Zimantra', 'battaramulla', '2025-06-20T10:18:43.208Z', '2025-06-20T10:18:43.208Z', NULL, NULL, NULL, TRUE, NULL, NULL, NULL, NULL, 'open', NULL, NULL, NULL, NULL, NULL, 'Malaysia', NULL, NULL, 0) ON CONFLICT DO NOTHING;
INSERT INTO "Shop" ("id", "name", "location", "createdAt", "updatedAt", "contact_person", "phone", "email", "is_active", "opening_time", "closing_time", "manager_id", "opening_date", "status", "address_line1", "address_line2", "city", "state", "postal_code", "country", "latitude", "longitude", "tax_rate") VALUES ('cmc4nqj9b0001unnq2fqc59ci', 'mba', 'colombo', '2025-06-20T10:18:52.031Z', '2025-06-20T10:18:52.031Z', NULL, NULL, NULL, TRUE, NULL, NULL, NULL, NULL, 'open', NULL, NULL, NULL, NULL, NULL, 'Malaysia', NULL, NULL, 0) ON CONFLICT DO NOTHING;

-- Importing User (3 records)
INSERT INTO "User" ("id", "name", "email", "password", "roleId", "phone", "createdAt", "updatedAt", "isActive", "shopId", "roleName", "permissions", "allowedAccounts") VALUES ('4447d3a9-595b-483e-b55a-38f0f6160121', 'Admin User', 'admin@mssport.lk', '$2a$10$SQITs.zDCN8AR7AgVlvjv.r1dDkBQ28pEskYphTYedFHt0z.Rwup6', NULL, NULL, '2025-06-20T09:30:07.472Z', '2025-06-20T09:30:07.472Z', TRUE, NULL, NULL, '{ALL}', '{ALL}') ON CONFLICT DO NOTHING;
INSERT INTO "User" ("id", "name", "email", "password", "roleId", "phone", "createdAt", "updatedAt", "isActive", "shopId", "roleName", "permissions", "allowedAccounts") VALUES ('86517b04-c810-4e34-8706-4cf4bf11c422', 'Chamika', 'chamika@gmail.com', '$2a$10$VNXYEk/fW6T1vWBOEkSWIOnkEHzYXuBgtg9BMNPfjTh4k.zmV0Odi', NULL, NULL, '2025-06-20T16:05:40.433Z', '2025-06-20T16:05:40.433Z', TRUE, 'cmc4nqj9b0001unnq2fqc59ci', NULL, '{sales:view,sales:create,quotation:view,quotation:create,shop:distribution:view,inventory:transfer,customer:view,payment:record}', '{1}') ON CONFLICT DO NOTHING;
INSERT INTO "User" ("id", "name", "email", "password", "roleId", "phone", "createdAt", "updatedAt", "isActive", "shopId", "roleName", "permissions", "allowedAccounts") VALUES ('f459ce07-8b7b-448d-b864-c2b8958b3228', 'test', 'test@gmail.com', '$2a$12$TWf2m2sJrrNcCxvRYJHnqeZXlCEg7X2v3XItSWMLkWH0apAhbdNLa', NULL, NULL, '2025-06-20T17:14:09.534Z', '2025-06-20T17:14:09.534Z', TRUE, 'cmc4nqcog0000unnqei52hlhs', NULL, '{28,27,20,32,31,34,33,52}', '{}') ON CONFLICT DO NOTHING;

-- Importing RefreshToken (38 records)
INSERT INTO "RefreshToken" ("id", "userId", "token", "expiresAt", "createdAt", "updatedAt", "isRevoked") VALUES ('151cc394-140a-441a-9eda-f2428b062f31', '4447d3a9-595b-483e-b55a-38f0f6160121', 'a03483a98259a02961652701ae4827db1d3bb98fd85c4b131ddb7d277ac42634bfee70fe2507e6e3', '2025-07-20T09:37:58.537Z', '2025-06-20T09:37:58.540Z', '2025-06-20T09:41:01.616Z', TRUE) ON CONFLICT DO NOTHING;
INSERT INTO "RefreshToken" ("id", "userId", "token", "expiresAt", "createdAt", "updatedAt", "isRevoked") VALUES ('0be76242-9156-4dfb-9ad5-6d200a6fa4cd', '4447d3a9-595b-483e-b55a-38f0f6160121', 'b464eb324842bc5a9a53de117d309e930f11dda908b8249b4913c350396a40ecb9f10cd41d8a1e71', '2025-07-20T15:52:56.959Z', '2025-06-20T15:52:56.961Z', '2025-06-20T16:18:18.032Z', TRUE) ON CONFLICT DO NOTHING;
INSERT INTO "RefreshToken" ("id", "userId", "token", "expiresAt", "createdAt", "updatedAt", "isRevoked") VALUES ('7ff97493-edbc-4130-b979-28956b023413', '4447d3a9-595b-483e-b55a-38f0f6160121', '9ad3f45b21c43234743b973e7fe9330f1845639cfaec0f0c591559543e85ee1ad3e1dfea018d3595', '2025-07-20T09:41:09.403Z', '2025-06-20T09:41:09.404Z', '2025-06-20T09:44:13.453Z', TRUE) ON CONFLICT DO NOTHING;
INSERT INTO "RefreshToken" ("id", "userId", "token", "expiresAt", "createdAt", "updatedAt", "isRevoked") VALUES ('98004278-6de3-42d6-9f17-5c6e6e1e51cc', '4447d3a9-595b-483e-b55a-38f0f6160121', '55a0be1afb7716e279ea16dedaaeaf167212fc5cfd623fa367ca4af2d8eb7c75667fc15eb54ef9b6', '2025-07-20T13:29:20.897Z', '2025-06-20T13:29:20.899Z', '2025-06-20T13:30:36.737Z', TRUE) ON CONFLICT DO NOTHING;
INSERT INTO "RefreshToken" ("id", "userId", "token", "expiresAt", "createdAt", "updatedAt", "isRevoked") VALUES ('bfa8eb8f-2b1e-438b-b462-2a9a90e4dd5d', '4447d3a9-595b-483e-b55a-38f0f6160121', 'ac96d15b501f15f3df711c7043058978ad76d5ada88536231c40814bbc54a09e81a6e9caf430c0dd', '2025-07-20T09:44:19.946Z', '2025-06-20T09:44:19.948Z', '2025-06-20T09:46:12.679Z', TRUE) ON CONFLICT DO NOTHING;
INSERT INTO "RefreshToken" ("id", "userId", "token", "expiresAt", "createdAt", "updatedAt", "isRevoked") VALUES ('6acb31b6-fe30-4f90-8c50-2d5e8ca6709a', '4447d3a9-595b-483e-b55a-38f0f6160121', 'ffc0a8589ef9eb14e44374743afa8d9cf5f95694c3934b0c4d5a31c47008edaf75a7b844d3ea56f2', '2025-07-20T09:46:20.098Z', '2025-06-20T09:46:20.100Z', '2025-06-20T09:48:32.839Z', TRUE) ON CONFLICT DO NOTHING;
INSERT INTO "RefreshToken" ("id", "userId", "token", "expiresAt", "createdAt", "updatedAt", "isRevoked") VALUES ('7d7447d3-d381-4e7b-ae11-03f371602051', '4447d3a9-595b-483e-b55a-38f0f6160121', '29e17daf4792919c4caecfa92b0168504e850a1de12d8a0e0d68c83dca0ed4c5a64f15490ccfb667', '2025-07-20T09:48:41.629Z', '2025-06-20T09:48:41.630Z', '2025-06-20T09:53:14.541Z', TRUE) ON CONFLICT DO NOTHING;
INSERT INTO "RefreshToken" ("id", "userId", "token", "expiresAt", "createdAt", "updatedAt", "isRevoked") VALUES ('983b4b98-2767-4aba-bdad-a2ddc544c056', '4447d3a9-595b-483e-b55a-38f0f6160121', 'd32e09c40359b562d821f6bdda2e785d7fd8b5e62e1a9eb85fb948ab5dc95f7ee11073d86962e3a3', '2025-07-20T13:31:31.039Z', '2025-06-20T13:31:31.040Z', '2025-06-20T13:31:43.840Z', TRUE) ON CONFLICT DO NOTHING;
INSERT INTO "RefreshToken" ("id", "userId", "token", "expiresAt", "createdAt", "updatedAt", "isRevoked") VALUES ('5117fe36-c20f-42ed-8309-8e75471d3a38', '4447d3a9-595b-483e-b55a-38f0f6160121', 'c81f5cbbf239df4e7874d1e4a8ca3674434f614f54b357d6183ff228dc97ab194a83b0d19f4a0968', '2025-07-20T09:53:22.522Z', '2025-06-20T09:53:22.522Z', '2025-06-20T09:54:19.161Z', TRUE) ON CONFLICT DO NOTHING;
INSERT INTO "RefreshToken" ("id", "userId", "token", "expiresAt", "createdAt", "updatedAt", "isRevoked") VALUES ('135ead54-7d6c-4c86-a6eb-35d90969563f', '4447d3a9-595b-483e-b55a-38f0f6160121', '1d3de670f520767ba955c896a0427133fbdead944512e4e20393f243d630148c971d7c7a8e6cc5d8', '2025-07-20T09:54:36.044Z', '2025-06-20T09:54:36.046Z', '2025-06-20T10:08:04.440Z', TRUE) ON CONFLICT DO NOTHING;
INSERT INTO "RefreshToken" ("id", "userId", "token", "expiresAt", "createdAt", "updatedAt", "isRevoked") VALUES ('955b32ba-e897-44a7-963f-6facbaf17958', '4447d3a9-595b-483e-b55a-38f0f6160121', 'fa3e441b8b8cfa71a552a17409969a2b206cdf4eeb6058988ebda790acb19d2ac1f365fef8847310', '2025-07-20T10:08:12.058Z', '2025-06-20T10:08:12.060Z', '2025-06-20T10:13:12.607Z', TRUE) ON CONFLICT DO NOTHING;
INSERT INTO "RefreshToken" ("id", "userId", "token", "expiresAt", "createdAt", "updatedAt", "isRevoked") VALUES ('78de9cab-06a5-4985-a433-665e46c8c16f', '4447d3a9-595b-483e-b55a-38f0f6160121', 'e453f9904e65c9202e55ec782df96d0e6416f0247177f8e093be75533e2615bb00584c563766a936', '2025-07-20T10:13:24.691Z', '2025-06-20T10:13:24.693Z', '2025-06-20T10:13:24.692Z', FALSE) ON CONFLICT DO NOTHING;
INSERT INTO "RefreshToken" ("id", "userId", "token", "expiresAt", "createdAt", "updatedAt", "isRevoked") VALUES ('ce89caa4-92bc-40df-accb-546697364eeb', '4447d3a9-595b-483e-b55a-38f0f6160121', 'a68abcc6ac090d26c2f358d7031703cb04aacb65e26cfc681c2fa6e0d5e7d4c6c43d6dfc1763cd03', '2025-07-20T16:42:37.040Z', '2025-06-20T16:42:37.042Z', '2025-06-20T16:42:51.735Z', TRUE) ON CONFLICT DO NOTHING;
INSERT INTO "RefreshToken" ("id", "userId", "token", "expiresAt", "createdAt", "updatedAt", "isRevoked") VALUES ('f98b1520-74e8-4c6b-84e6-cf39d270edf3', '4447d3a9-595b-483e-b55a-38f0f6160121', '18a04818c4d46317ed6032a070751b458284530d04992abc75a03ab08cb4550b6fd400569e961542', '2025-07-20T10:13:38.473Z', '2025-06-20T10:13:38.473Z', '2025-06-20T10:16:54.917Z', TRUE) ON CONFLICT DO NOTHING;
INSERT INTO "RefreshToken" ("id", "userId", "token", "expiresAt", "createdAt", "updatedAt", "isRevoked") VALUES ('1a786b97-7647-47f9-a6f2-0e3fbde71699', '4447d3a9-595b-483e-b55a-38f0f6160121', '08a4cb48236b471f751d2f3620da3a2c8abfffcbfc96b2a7868e7e0cd465e971cee40b3148fd2a21', '2025-07-20T13:31:49.627Z', '2025-06-20T13:31:49.628Z', '2025-06-20T13:34:13.150Z', TRUE) ON CONFLICT DO NOTHING;
INSERT INTO "RefreshToken" ("id", "userId", "token", "expiresAt", "createdAt", "updatedAt", "isRevoked") VALUES ('d747adcf-d9d4-4a66-b692-80a218df622a', '4447d3a9-595b-483e-b55a-38f0f6160121', '39d231738eec8faa6a8bb021b523efbef63f2e50dedb0d7e9fca5e86e2e32d544926be86324b7102', '2025-07-20T10:17:44.633Z', '2025-06-20T10:17:44.634Z', '2025-06-20T10:18:03.716Z', TRUE) ON CONFLICT DO NOTHING;
INSERT INTO "RefreshToken" ("id", "userId", "token", "expiresAt", "createdAt", "updatedAt", "isRevoked") VALUES ('9ed3099c-8dab-42f7-8ced-c60af3b29506', '4447d3a9-595b-483e-b55a-38f0f6160121', '4d76792f9a11dfc43810e91883e05cf8fb49c9584a427492f5df6fd0c6e1c78bfd1ec28f45c50038', '2025-07-20T10:18:18.107Z', '2025-06-20T10:18:18.108Z', '2025-06-20T13:27:08.113Z', TRUE) ON CONFLICT DO NOTHING;
INSERT INTO "RefreshToken" ("id", "userId", "token", "expiresAt", "createdAt", "updatedAt", "isRevoked") VALUES ('03f07973-44c5-4365-bbf8-beda17c41b66', '4447d3a9-595b-483e-b55a-38f0f6160121', '8990692a0edb8b45465511f9d3347034993ad39e3ba2df0717ccae5b883898d44cfed1e90c14748e', '2025-07-20T13:27:16.143Z', '2025-06-20T13:27:16.144Z', '2025-06-20T13:28:44.474Z', TRUE) ON CONFLICT DO NOTHING;
INSERT INTO "RefreshToken" ("id", "userId", "token", "expiresAt", "createdAt", "updatedAt", "isRevoked") VALUES ('43a45ab3-b0d0-4269-9394-6e47cc341438', '4447d3a9-595b-483e-b55a-38f0f6160121', '1ed6bbd6f3c23590d1784ed7914a3f3fb64ac7c11a3cbd11b9f339999ca092be8ec7696182eb3fb8', '2025-07-20T13:34:19.143Z', '2025-06-20T13:34:19.144Z', '2025-06-20T13:38:41.852Z', TRUE) ON CONFLICT DO NOTHING;
INSERT INTO "RefreshToken" ("id", "userId", "token", "expiresAt", "createdAt", "updatedAt", "isRevoked") VALUES ('415f6b1f-845d-4d7e-a718-4888fce1d3c8', '4447d3a9-595b-483e-b55a-38f0f6160121', '1ad4ef6ec43b15bc58177b3bb91554ffa61a53b76fb768b4f50d6716b36abbcc59317a834467d46b', '2025-07-20T13:28:50.936Z', '2025-06-20T13:28:50.937Z', '2025-06-20T13:29:15.230Z', TRUE) ON CONFLICT DO NOTHING;
INSERT INTO "RefreshToken" ("id", "userId", "token", "expiresAt", "createdAt", "updatedAt", "isRevoked") VALUES ('dd35df95-ffcb-476b-bc8f-da1d1e972aa4', '4447d3a9-595b-483e-b55a-38f0f6160121', '76835b2134399be33d777725023cfc4286ad3ee2ff0ac7cc7ce2f4d87f8b7fb19018ee86fd7575d9', '2025-07-20T17:23:15.983Z', '2025-06-20T17:23:15.984Z', '2025-06-20T17:24:39.731Z', TRUE) ON CONFLICT DO NOTHING;
INSERT INTO "RefreshToken" ("id", "userId", "token", "expiresAt", "createdAt", "updatedAt", "isRevoked") VALUES ('e5365104-de9c-4887-a101-c0977475e118', '4447d3a9-595b-483e-b55a-38f0f6160121', '9f1a83d6fcec7288dfd16d43518f97055de703c59cbeb1ea7a095cf5fe254b6c4d89b22040708a74', '2025-07-20T13:39:27.951Z', '2025-06-20T13:39:27.953Z', '2025-06-20T15:34:27.152Z', TRUE) ON CONFLICT DO NOTHING;
INSERT INTO "RefreshToken" ("id", "userId", "token", "expiresAt", "createdAt", "updatedAt", "isRevoked") VALUES ('13c92168-09fe-423f-97ed-d0ea45e502f6', '86517b04-c810-4e34-8706-4cf4bf11c422', 'cfed55cfe784e8d83c4977268b07c65caa4f7dd77c2dd302e5f051a6d88ecd69906ca9fb50350d60', '2025-07-20T16:47:30.894Z', '2025-06-20T16:47:30.895Z', '2025-06-20T16:47:54.946Z', TRUE) ON CONFLICT DO NOTHING;
INSERT INTO "RefreshToken" ("id", "userId", "token", "expiresAt", "createdAt", "updatedAt", "isRevoked") VALUES ('19af9802-baf3-40a8-a3bc-5d2647e1f357', '4447d3a9-595b-483e-b55a-38f0f6160121', '6925bfc4efb21b64f9cd7609a0695c82683a5a44547badbd2bd6240578a49502f526ae6cea102674', '2025-07-20T15:34:55.337Z', '2025-06-20T15:34:55.338Z', '2025-06-20T15:40:22.593Z', TRUE) ON CONFLICT DO NOTHING;
INSERT INTO "RefreshToken" ("id", "userId", "token", "expiresAt", "createdAt", "updatedAt", "isRevoked") VALUES ('4b7beee4-4155-4547-8cb9-b7b645a961a2', '4447d3a9-595b-483e-b55a-38f0f6160121', 'ed8cab541ced60d039f6ce9cb6d22bdb4f663f1978dd883a37739274dbf609244675f898619fee77', '2025-07-20T15:40:29.903Z', '2025-06-20T15:40:29.905Z', '2025-06-20T15:43:05.224Z', TRUE) ON CONFLICT DO NOTHING;
INSERT INTO "RefreshToken" ("id", "userId", "token", "expiresAt", "createdAt", "updatedAt", "isRevoked") VALUES ('ca1202b2-6ff9-48fd-82c7-48c4f5ee4ab1', '4447d3a9-595b-483e-b55a-38f0f6160121', 'b94de35274e0233c6ebf8ea4ab4e148daa753a7b29991ef5eca067cb3ff4fbdeee6f8005c002bb1f', '2025-07-20T15:45:29.192Z', '2025-06-20T15:45:29.194Z', '2025-06-20T15:52:45.627Z', TRUE) ON CONFLICT DO NOTHING;
INSERT INTO "RefreshToken" ("id", "userId", "token", "expiresAt", "createdAt", "updatedAt", "isRevoked") VALUES ('e3435452-9b8a-4941-a759-a644ff163ae7', '86517b04-c810-4e34-8706-4cf4bf11c422', '77e3ede4c65ce81f1a6e4657b1d286043ce32fb206c4f35749815f304316bd456f03e871b263bc3c', '2025-07-20T16:48:02.412Z', '2025-06-20T16:48:02.413Z', '2025-06-20T16:48:28.724Z', TRUE) ON CONFLICT DO NOTHING;
INSERT INTO "RefreshToken" ("id", "userId", "token", "expiresAt", "createdAt", "updatedAt", "isRevoked") VALUES ('22a73a2a-00cc-4337-8a89-691efe9ab9fa', '4447d3a9-595b-483e-b55a-38f0f6160121', '0a99fea6866291a1c599622e98d11fb562b8ebdfb458789a72ca99118242e1f08fc758d8905eba97', '2025-07-20T16:48:35.609Z', '2025-06-20T16:48:35.610Z', '2025-06-20T16:59:01.472Z', TRUE) ON CONFLICT DO NOTHING;
INSERT INTO "RefreshToken" ("id", "userId", "token", "expiresAt", "createdAt", "updatedAt", "isRevoked") VALUES ('c3bc735a-d4b0-4e4e-87d4-d8e4742b0745', '4447d3a9-595b-483e-b55a-38f0f6160121', '8d53fdde0b5cd30e448cf62a08c387973ae28dc6755392395dfc91ebb23486c5304b6e19955bdf7e', '2025-07-20T16:59:34.724Z', '2025-06-20T16:59:34.725Z', '2025-06-20T17:11:41.142Z', TRUE) ON CONFLICT DO NOTHING;
INSERT INTO "RefreshToken" ("id", "userId", "token", "expiresAt", "createdAt", "updatedAt", "isRevoked") VALUES ('a430f6d4-f5b6-41cc-ac14-454eb2593179', '4447d3a9-595b-483e-b55a-38f0f6160121', '3207147df803ad8f11f45ba019f3ec16b33418aabbb3c6a1e2dce02adaa9d3a196d147458c7ca55e', '2025-07-20T17:12:25.717Z', '2025-06-20T17:12:25.724Z', '2025-06-20T17:14:21.473Z', TRUE) ON CONFLICT DO NOTHING;
INSERT INTO "RefreshToken" ("id", "userId", "token", "expiresAt", "createdAt", "updatedAt", "isRevoked") VALUES ('5a276e3b-6799-4769-9ffb-2106467ee826', 'f459ce07-8b7b-448d-b864-c2b8958b3228', 'c70059a8d02a7bb21d6d2e0c633da93812b2973e393f2f11c2c820bf2e21698caf079a28cd4799bf', '2025-07-20T17:14:27.744Z', '2025-06-20T17:14:27.746Z', '2025-06-20T17:14:47.483Z', TRUE) ON CONFLICT DO NOTHING;
INSERT INTO "RefreshToken" ("id", "userId", "token", "expiresAt", "createdAt", "updatedAt", "isRevoked") VALUES ('4d86fcfb-2a8e-497d-87d7-8d518282934c', 'f459ce07-8b7b-448d-b864-c2b8958b3228', 'e2e4cb29e7c120f5f415bdcaaee7d74ef563b12fc0754c86076e640d453e015b8d0a7974d844c6a4', '2025-07-20T17:14:55.173Z', '2025-06-20T17:14:55.175Z', '2025-06-20T17:15:09.463Z', TRUE) ON CONFLICT DO NOTHING;
INSERT INTO "RefreshToken" ("id", "userId", "token", "expiresAt", "createdAt", "updatedAt", "isRevoked") VALUES ('c684a4ec-bba4-4cb0-bb6b-0207f50540d3', '4447d3a9-595b-483e-b55a-38f0f6160121', 'c593faa28274d5ad20004a81a0d1313cc2ff81c51559c8b96139f7f35fe1ee2fb827c3a35e3fda34', '2025-07-20T17:15:15.673Z', '2025-06-20T17:15:15.673Z', '2025-06-20T17:23:08.642Z', TRUE) ON CONFLICT DO NOTHING;
INSERT INTO "RefreshToken" ("id", "userId", "token", "expiresAt", "createdAt", "updatedAt", "isRevoked") VALUES ('a360290f-c45e-4be2-ab65-8d3265fd6ccb', '4447d3a9-595b-483e-b55a-38f0f6160121', '8b514c9d24e0696a8c67ea26d6fef4e881d325b8a19cc2c1bea31bb29895353de1bd88fdf3cf613c', '2025-07-20T17:44:20.109Z', '2025-06-20T17:44:20.111Z', '2025-06-20T18:13:04.459Z', TRUE) ON CONFLICT DO NOTHING;
INSERT INTO "RefreshToken" ("id", "userId", "token", "expiresAt", "createdAt", "updatedAt", "isRevoked") VALUES ('be170489-d65a-4d4e-a72f-c52b56dac5a8', '4447d3a9-595b-483e-b55a-38f0f6160121', '7f9676604fea2179fe55e12c402dc0ebfaf32f314846c64861f80c518969f87040c2f45ab0beb023', '2025-07-20T17:26:37.575Z', '2025-06-20T17:26:37.584Z', '2025-06-20T17:26:56.094Z', TRUE) ON CONFLICT DO NOTHING;
INSERT INTO "RefreshToken" ("id", "userId", "token", "expiresAt", "createdAt", "updatedAt", "isRevoked") VALUES ('19e846e1-90cf-44f8-9392-4818a46aefd6', '4447d3a9-595b-483e-b55a-38f0f6160121', 'f940fd723651995541b848ee98d5b87e4a3bd5c43429aa2d7e61e682862c4eefd6a34f5e5884883b', '2025-07-20T18:52:27.761Z', '2025-06-20T18:52:27.762Z', '2025-06-20T18:52:27.761Z', FALSE) ON CONFLICT DO NOTHING;
INSERT INTO "RefreshToken" ("id", "userId", "token", "expiresAt", "createdAt", "updatedAt", "isRevoked") VALUES ('44eec93a-ed85-4afa-ab65-1b4bdf3f9572', '4447d3a9-595b-483e-b55a-38f0f6160121', 'd32f0058560652b17927f858c46fa94d73b7295c5b3de329bb3f147388b48054f15e4751da880753', '2025-07-20T18:13:53.689Z', '2025-06-20T18:13:53.692Z', '2025-06-20T18:47:14.961Z', TRUE) ON CONFLICT DO NOTHING;
INSERT INTO "RefreshToken" ("id", "userId", "token", "expiresAt", "createdAt", "updatedAt", "isRevoked") VALUES ('00e07d31-f89b-4106-a4b8-95d7164dcf00', '4447d3a9-595b-483e-b55a-38f0f6160121', '68ca134f65bbf8d9c511832a2e949d49fb5f913b4cad4b3beca06886e3ab8c57b88658b561b96db7', '2025-07-20T18:52:12.559Z', '2025-06-20T18:52:12.561Z', '2025-06-20T18:52:12.560Z', FALSE) ON CONFLICT DO NOTHING;

-- Importing Category (2 records)
INSERT INTO "Category" ("id", "name", "description", "parentId", "createdAt", "updatedAt") VALUES (1, 'shuttle', NULL, NULL, '2025-06-20T14:26:58.382Z', '2025-06-20T14:26:58.382Z') ON CONFLICT DO NOTHING;
INSERT INTO "Category" ("id", "name", "description", "parentId", "createdAt", "updatedAt") VALUES (2, 'grip', NULL, NULL, '2025-06-20T14:27:04.770Z', '2025-06-20T14:27:04.770Z') ON CONFLICT DO NOTHING;

-- Importing Supplier (1 records)
INSERT INTO "Supplier" ("id", "name", "email", "phone", "address", "createdAt", "updatedAt", "contactPerson", "city", "notes", "status") VALUES (1, 'UK', '', '', '', '2025-06-20T17:20:26.228Z', '2025-06-20T17:20:26.228Z', '', '', '', 'active') ON CONFLICT DO NOTHING;

-- Importing Customer (1 records)
INSERT INTO "Customer" ("id", "name", "email", "phone", "address", "createdAt", "updatedAt", "city", "postalCode", "contactPerson", "contactPersonPhone", "customerType", "creditLimit", "creditPeriod", "taxId", "notes", "status") VALUES (1, 'sachin', NULL, NULL, NULL, '2025-06-20T18:15:48.675Z', '2025-06-20T18:15:48.675Z', NULL, NULL, NULL, NULL, 'retail', NULL, NULL, NULL, NULL, NULL) ON CONFLICT DO NOTHING;

-- Importing Product (1 records)
INSERT INTO "Product" ("id", "name", "description", "price", "weightedAverageCost", "sku", "barcode", "categoryId", "shopId", "minStockLevel", "createdAt", "updatedAt") VALUES (1, 'GP 20 ', NULL, 500, 250, 'GP1538', NULL, 2, NULL, 10, '2025-06-20T17:19:22.201Z', '2025-06-20T18:14:56.477Z') ON CONFLICT DO NOTHING;

-- Importing InventoryItem (2 records)
INSERT INTO "InventoryItem" ("id", "productId", "quantity", "shopId", "shopSpecificCost", "createdAt", "updatedAt") VALUES (1, 1, 100, 'cmc4nqcog0000unnqei52hlhs', 200, '2025-06-20T18:14:54.955Z', '2025-06-20T18:14:54.955Z') ON CONFLICT DO NOTHING;
INSERT INTO "InventoryItem" ("id", "productId", "quantity", "shopId", "shopSpecificCost", "createdAt", "updatedAt") VALUES (2, 1, 100, 'cmc4nqj9b0001unnq2fqc59ci', 300, '2025-06-20T18:14:57.082Z', '2025-06-20T18:14:57.082Z') ON CONFLICT DO NOTHING;

-- Importing Account (2 records)
INSERT INTO "Account" ("id", "name", "type", "balance", "description", "isActive", "parentId", "createdAt", "updatedAt") VALUES (1, 'cash in hand ', 'income', 0, '', TRUE, NULL, '2025-06-20T16:00:32.086Z', '2025-06-20T16:00:32.086Z') ON CONFLICT DO NOTHING;
INSERT INTO "Account" ("id", "name", "type", "balance", "description", "isActive", "parentId", "createdAt", "updatedAt") VALUES (2, 'cash in bank', 'income', 0, '', TRUE, NULL, '2025-06-20T16:01:41.168Z', '2025-06-20T16:01:41.168Z') ON CONFLICT DO NOTHING;

-- Importing PurchaseInvoice (1 records)
INSERT INTO "PurchaseInvoice" ("id", "invoiceNumber", "supplierId", "total", "status", "createdAt", "updatedAt", "distributions", "date", "dueDate") VALUES (1, 'PI-250620-715', 1, 50000, 'pending_approval', '2025-06-20T18:14:51.264Z', '2025-06-20T18:14:51.264Z', '{[object Object],[object Object],[object Object],[object Object]}', '2025-06-20T00:00:00.000Z', NULL) ON CONFLICT DO NOTHING;

-- Importing PurchaseInvoiceItem (2 records)
INSERT INTO "PurchaseInvoiceItem" ("id", "purchaseInvoiceId", "productId", "quantity", "price", "total", "createdAt", "updatedAt") VALUES (1, 1, 1, 100, 200, 20000, '2025-06-20T18:14:51.868Z', '2025-06-20T18:14:51.868Z') ON CONFLICT DO NOTHING;
INSERT INTO "PurchaseInvoiceItem" ("id", "purchaseInvoiceId", "productId", "quantity", "price", "total", "createdAt", "updatedAt") VALUES (2, 1, 1, 100, 300, 30000, '2025-06-20T18:14:55.564Z', '2025-06-20T18:14:55.564Z') ON CONFLICT DO NOTHING;

-- Importing SystemSettings (1 records)
INSERT INTO "SystemSettings" ("id", "key", "value", "description", "createdAt", "updatedAt") VALUES (1, 'ai_chatbot_enabled', '1', 'Enable or disable AI chatbot functionality', '2025-06-20T15:38:05.630Z', '2025-06-20T15:38:05.630Z') ON CONFLICT DO NOTHING;

-- Re-enable triggers and constraints
SET session_replication_role = DEFAULT;

-- Update sequences to current max values
SELECT setval('"Notification_id_seq"', COALESCE((SELECT MAX(id) FROM "Notification"), 1));
SELECT setval('"AuditLog_id_seq"', COALESCE((SELECT MAX(id) FROM "AuditLog"), 1));
